change,comapnyName,ltp,new52WHL,pChange,prev52WHL,prevClose,prevHLDate,series,symbol
-0.72,Aarey Drugs & Pharmaceuticals Limited,101.0,103.5,-0.7078254030672434,102.96,101.72,17-Sep-2026,EQ,AAREYDRUGS
23.5,Action Construction Equipment Limited,1229.1,1241.5,1.949236894492369,1213.2,1205.6,17-Sep-2026,EQ,ACE
27.35,Acme Solar Holdings Limited,438.65,440.7,6.649647459275468,430.5,411.3,04-Sep-2026,EQ,ACMESOLAR
3.15,ACS Technologies Limited,66.15,66.15,5.0,63.0,63,17-Sep-2026,BE,ACSTECH
5.3,Aegis Vopak Terminals Limited,316.0,317.0,1.7058255551979402,316.0,310.7,17-Sep-2026,EQ,AEGISVOPAK
1.26,Anlon Healthcare Limited,23.1,24.78,5.769230769230769,22.94,21.84,15-Sep-2026,EQ,AHCL
6.65,Akanksha Power and Infrastructure Limited,139.65,139.65,5.0,139.5,133,26-Aug-2026,SM,AKANKSHA
2.54,Algoquant Fintech Limited,72.67,76.2,3.6218451447312137,71.85,70.13,17-Sep-2026,EQ,ALGOQUANT
45.8,Alufluoride Limited,538.0,542.5,9.30516050386022,509.9,492.2,02-Sep-2026,EQ,ALUFLUOR
6.75,Ameya Precision Engineers Limited,142.55,142.55,4.970544918998527,135.8,135.8,17-Sep-2026,SM,AMEYA
17.6,Anand Rathi Wealth Limited,2225.0,2268.4,0.7973181118057443,2255.0,2207.4,07-Sep-2026,EQ,ANANDRATHI
39.1,Anlon Technology Solutions Limited,736.0,763.9,5.6105610561056105,748.0,696.9,15-Jun-2026,SM,ANLON
990.0,Apar Industries Limited,18791.0,19080.0,5.5614853098140555,18465.0,17801,12-Aug-2026,EQ,APARINDS
1.35,Apoorva Leasing Finance and Investment Company Limited,31.1,31.2,4.53781512605042,29.75,29.75,17-Sep-2026,EQ,APOORVA
134.55,Asian Star Company Limited,807.35,807.35,19.998513674197383,723.0,672.8,13-May-2026,EQ,ASTAR
44.0,Aurobindo Pharma Limited,1734.0,1734.0,2.603550295857988,1717.0,1690,31-Aug-2026,EQ,AUROPHARMA
372.0,Avalon Technologies Limited,2602.0,2618.0,16.681614349775785,2424.0,2230,07-Sep-2026,EQ,AVALON
0.5,Bhagyanagar India Limited,447.0,467.9,0.11198208286674133,446.5,446.5,17-Sep-2026,EQ,BHAGYANGR
4.4,Bikewo Green Tech Limited,116.6,116.6,3.9215686274509802,115.8,112.2,19-Aug-2026,ST,BIKEWO
6.75,Birla Cable Limited,408.4,418.8,1.6805676584090625,411.95,401.65,15-Sep-2026,EQ,BIRLACABLE
9.1,Bodal Chemicals Limited,191.23,191.23,4.996431120628123,189.68,182.13,09-Sep-2026,EQ,BODALCHEM
5.04,Confidence Petroleum India Limited,91.8,92.61,5.809128630705394,91.65,86.76,15-Sep-2026,EQ,CONFIPET
4.45,CP Capital Limited,145.5,152.0,3.15490960652251,144.4,141.05,19-Sep-2025,EQ,CPCAP
8.86,CSM Technologies Limited,111.5,114.9,8.63211223694466,113.0,102.64,02-Jul-2026,EQ,CSM
-0.15,DIC India Limited,628.3,642.0,-0.02386824727504177,638.95,628.45,04-Sep-2026,EQ,DICIND
0.44,DS Kulkarni Developers Limited,22.71,22.71,1.9757521329142345,22.27,22.27,17-Sep-2026,BE,DSKULKARNI
173.2,Emcure Pharmaceuticals Limited,2083.0,2100.7,9.06901246203791,2048.0,1909.8,10-Aug-2026,EQ,EMCURE
10.83,Electronics Mart India Limited,195.9,202.86,5.851839844383206,196.74,185.07,13-Aug-2026,EQ,EMIL
3.07,Filatex India Limited,93.42,94.5,3.397897066961815,91.9,90.35,17-Sep-2026,EQ,FILATEX
22.85,Gretex Corporate Services Limited,617.2,620.5,3.8445360477832926,616.9,594.35,10-Sep-2026,EQ,GCSL
1.21,Grand Foundry Limited,25.44,25.44,4.993809327280231,24.23,24.23,17-Sep-2026,BE,GFSTEELS
14.6,Grover Jewells Limited,306.65,306.65,4.99914398219483,292.95,292.05,16-Sep-2026,ST,GJL
4.18,Gujarat Kidney And Super Speciality Limited,182.0,186.0,2.350691710718704,183.05,177.82,15-Sep-2026,EQ,GKSL
15.78,Glass Wall Systems (India) Limited,273.6,304.2,6.120549220386316,257.82,257.82,17-Sep-2026,EQ,GLASSWALL
94.6,GMM Pfaudler Limited,1458.0,1475.0,6.938536012908904,1384.8,1363.4,15-Sep-2026,EQ,GMMPFAUDLR
-8.15,GOCL Corporation Limited,448.0,461.4,-1.7866929738024773,459.9,456.15,22-Jun-2026,EQ,GOCLCORP
7.61,Grauer & Weil India Limited,86.7,88.53,9.621949677582501,87.4,79.09,02-Jul-2026,EQ,GRAUWEIL
2.3,Greenchef Appliances Limited,74.0,74.0,3.2078103207810322,73.5,71.7,15-Sep-2026,SM,GREENCHEF
20.65,HP Telecom India Limited,434.05,434.05,4.995162070633769,413.4,413.4,17-Sep-2026,SM,HPTL
1.95,IL&FS Engineering and Construction Company Limited,40.95,40.95,5.0,40.05,39,17-Sep-2026,BZ,IL&FSENGG
0.1,Impex Ferro Tech Limited,5.58,5.58,1.8248175182481752,5.48,5.48,17-Sep-2026,BZ,IMPEXFERRO
-28.1,Indokem Limited,615.05,668.0,-4.369120733887896,666.9,643.15,17-Sep-2026,EQ,INDOKEM
68.8,INDO-MIM Limited,1062.0,1064.0,6.927104309303262,1028.5,993.2,10-Sep-2026,EQ,INDOMIM
28.7,IPCA Laboratories Limited,1999.0,2038.0,1.4566309699030604,2014.0,1970.3,17-Sep-2026,EQ,IPCALAB
2.43,Iris Clothings Limited,64.98,66.3,3.884892086330935,65.0,62.55,07-Sep-2026,EQ,IRISDOREME
23.0,JSW Infrastructure Limited,349.65,356.95,7.041175570182152,355.8,326.65,13-Jul-2026,EQ,JSWINFRA
72.7,Jyoti CNC Automation Limited,1053.55,1065.0,7.411938624662283,1058.85,980.85,08-Sep-2026,EQ,JYOTICNC
1.95,Kamdhenu Limited,41.05,41.05,4.987212276214834,40.95,39.5,08-Sep-2026,BE,KAMDHENU
-2.0,Karamtara Engineering Limited,350.0,377.9,-0.5681818181818182,352.0,352,17-Sep-2026,EQ,KARAMTARA
0.6,Kataria Industries Limited,149.85,150.0,0.4020100502512563,150.0,149.25,17-Sep-2026,SM,KATARIA
-3.45,OnEMI Technology Solutions Limited,356.5,373.0,-0.9584664536741214,366.8,359.95,17-Sep-2026,EQ,KISSHT
7.41,Kopran Limited,276.0,282.1,2.7588517815257454,274.78,268.59,16-Sep-2026,EQ,KOPRAN
-3.25,Kross Limited,238.8,248.77,-1.3426977897128693,243.8,242.05,17-Sep-2026,EQ,KROSS
5.9,Laurus Labs Limited,1954.0,1982.0,0.30285919613982853,1981.8,1948.1,11-Sep-2026,EQ,LAURUSLABS
41.45,Lenskart Solutions Limited,721.4,725.0,6.096036473270093,703.5,679.95,10-Sep-2026,EQ,LENSKART
0.05,Zerodha Fund House - Zerodha Nifty 1D Rate Liquid ETF,116.0,116.01,0.043122035360069,115.96,115.95,17-Sep-2026,EQ,LIQUIDCASE
0.43,Shriram Mutual Fund -SHRIRAM NIFTY 1D RATE LIQUID ETF,1122.15,1122.15,0.03833398709125272,1121.74,1121.72,17-Sep-2026,EQ,LIQUIDSHRI
178.4,Macpower CNC Machines Limited,2100.0,2149.0,9.283930058284763,2050.0,1921.6,28-Aug-2026,EQ,MACPOWER
20.76,Mirae Asset Mutual Fund - Mirae Asset S&P 500 Top 50 ETF,124.59,124.59,19.99422132331696,111.56,103.83,09-Sep-2026,EQ,MASPTOP50
16.4,Max Estates Limited,594.0,595.0,2.839335180055402,584.0,577.6,17-Sep-2026,EQ,MAXESTATES
19.12,Mcnally Bharat Engineering Company Limited,401.59,401.59,4.999084895547363,382.47,382.47,17-Sep-2026,BE,MBECL
2.37,M.K. Exim (India) Limited,69.0,69.87,3.5569563259792885,68.69,67.23,27-Aug-2026,EQ,MKEXIM
66.05,Motilal Oswal Mutual Fund - Motilal Oswal Nasdaq Q 50 ETF,396.3,396.3,20.0,330.33,330.25,17-Sep-2026,EQ,MONQ50
0.44,Morepen Laboratories Limited,120.8,123.45,0.36556995679627785,122.55,120.56,08-Sep-2026,EQ,MOREPENLAB
4.05,Mahendra Realtors & Infrastructure Limited,85.3,85.3,4.984615384615385,83.0,81.25,17-Sep-2026,ST,MRIL
81.4,Neogen Chemicals Limited,2477.0,2498.2,3.3978961429287025,2484.8,2395.6,17-Sep-2026,EQ,NEOGEN
57.3,NRB Bearing Limited,529.5,534.9,12.134688691232528,519.0,472.2,11-Sep-2026,EQ,NRBBEARING
6.85,Nupur Recyclers Limited,143.98,143.98,4.995259972289069,139.0,137.13,16-Sep-2026,BE,NRL
23.2,Prasol Chemicals Limited,702.0,734.9,3.417796110783736,691.5,678.8,17-Sep-2026,EQ,PRASOLCHEM
105.0,Proventus Agrocom Limited,1954.0,1954.0,5.6787452677122765,1940.0,1849,18-Aug-2026,SM,PROV
3.35,P S Raj Steels Limited,99.35,104.0,3.4895833333333335,102.95,96,16-Sep-2026,SM,PSRAJ
56.1,PVR INOX Limited,1328.8,1339.8,4.407951598962835,1284.5,1272.7,25-Aug-2026,EQ,PVRINOX
8.44,QMS Medical Allied Services Limited,177.36,177.36,4.996448022732655,170.99,168.92,17-Sep-2026,BE,QMSMEDI
4.0,Quadrant Future Tek Limited,525.5,554.4,0.7670182166826462,534.35,521.5,17-Sep-2026,EQ,QUADFUTURE
6.36,Quint Digital Limited,70.02,70.02,9.99057492931197,63.66,63.66,17-Sep-2026,EQ,QUINT
24.33,Advit Jewels Limited,290.5,292.78,9.140774692865461,289.0,266.17,10-Sep-2026,EQ,RAMBHAJO
-3.35,Ratnaveer Precision Engineering Limited,300.5,331.95,-1.1025176896494981,322.0,303.85,17-Sep-2026,EQ,RATNAVEER
-0.5,Redington Limited,399.6,413.2,-0.12496875781054737,403.25,400.1,10-Sep-2026,EQ,REDINGTON
8.9,Remus Pharmaceuticals Limited,981.0,1007.0,0.915543668346878,987.5,972.1,21-Aug-2026,SM,REMUS
-22.1,Rentomojo Limited,512.15,581.95,-4.13664014974263,546.8,534.25,17-Sep-2026,EQ,RENTOMOJO
-0.13,RIR Power Electronics Limited,197.5,213.94,-0.06577948692000202,207.71,197.63,17-Sep-2026,EQ,RIR
0.27,Rollatainers Limited,5.71,5.71,4.963235294117647,5.44,5.44,17-Sep-2026,BE,ROLLT
15.8,Rossell Techsys Limited,1373.0,1464.9,1.164161508989095,1426.9,1357.2,17-Sep-2026,EQ,ROSSTECH
21.02,Sambhv Steel Tubes Limited,150.11,150.99,16.283213262065225,141.32,129.09,11-May-2026,EQ,SAMBHV
244.5,Sansera Engineering Limited,4262.0,4300.0,6.085874299937772,4183.6,4017.5,15-Sep-2026,EQ,SANSERA
0.74,SBC Exports Limited,48.99,49.8,1.5336787564766838,49.38,48.25,10-Sep-2026,EQ,SBC
23.8,Shree Ganesh Remedies Limited,702.0,722.65,3.5092892951931582,722.0,678.2,08-Sep-2026,EQ,SGRL
7.79,Share India Securities Limited,226.23,233.35,3.5661966672770555,219.95,218.44,17-Sep-2026,EQ,SHAREINDIA
69.65,Shilpa Medicare Limited,1028.0,1033.1,7.267699692179266,980.1,958.35,07-Sep-2026,EQ,SHILPAMED
7.65,Shreedhar Spinners Limited,161.0,161.0,4.988588196935115,153.4,153.35,17-Sep-2026,ST,SHREEDHAR
10.05,SIGMA ADVANCED SYSTEMS LIMITED,867.45,888.3,1.172148355493352,867.0,857.4,15-Sep-2026,BE,SIGMAADV
9.7,SKF India (Industrial) Limited,2950.0,3218.7,0.32989830969628947,3131.0,2940.3,03-Sep-2026,EQ,SKFINDUS
25.0,Softtech Engineers Limited,525.7,525.7,4.993009786299181,500.7,500.7,17-Sep-2026,EQ,SOFTTECH
11.0,Somany Ceramics Limited,576.85,579.25,1.9439780860652116,576.8,565.85,02-Sep-2026,EQ,SOMANYCERA
28.0,Srinibas Pradhan Constructions Limited,198.0,198.0,16.470588235294116,173.0,170,09-Sep-2026,SM,SPCON
-4.15,Steamhouse India Limited,98.4,106.0,-4.0468064358849345,103.95,102.55,17-Sep-2026,EQ,STEAMHOUSE
2.04,STL Networks Limited,42.95,42.95,4.986555854314348,40.91,40.91,17-Sep-2026,EQ,STLNETWORK
33.2,Swan Defence and Heavy Industries Limited,2754.0,2764.0,1.220229344310497,2750.0,2720.8,11-Aug-2026,BE,SWANDEF
102.3,Syrma SGS Technology Limited,1720.0,1764.0,6.323793039500526,1660.0,1617.7,09-Sep-2026,EQ,SYRMA
42.8,Talbros Automotive Components Limited,478.0,480.8,9.834558823529411,451.6,435.2,10-Aug-2026,EQ,TALBROAUTO
28.7,Tribhovandas Bhimji Zaveri Limited,603.55,603.55,4.992606766982691,583.05,574.85,09-Sep-2026,EQ,TBZ
108.9,Timex Group India Limited,720.0,729.0,17.820324005891017,687.8,611.1,31-Aug-2026,EQ,TIMEX
0.03,Toyam Sports Limited,0.77,0.77,4.054054054054054,0.74,0.74,17-Sep-2026,EQ,TOYAMSL
-30.5,Universus Photo Imagings Limited,583.5,624.75,-4.96742671009772,620.0,614,17-Sep-2026,BE,UNIVPHOTO
19.15,Valiant Organics Limited,427.6,428.85,4.688456359407517,414.0,408.45,15-Sep-2026,BE,VALIANTORG
-7.7,Veegaland Developers Limited,146.3,154.0,-5.0,0.0,140,-,BE,VEEGALAND
-43.3,Veljan Denison Limited,1935.0,2009.0,-2.188747914876409,1996.8,1978.3,17-Sep-2026,BE,VELJAN
131.7,Venus Pipes & Tubes Limited,2263.4,2309.1,6.178167659614393,2160.0,2131.7,17-Sep-2026,EQ,VENUSPIPES
41.3,Welspun Enterprises Limited,820.0,837.75,5.303711313728008,825.0,778.7,04-Sep-2026,EQ,WELENT
1.77,Welspun Living Limited,214.02,216.0,0.833922261484099,216.0,212.25,07-Sep-2026,EQ,WELSPUNLIV
52.35,West Coast Paper Mills Limited,768.8,772.0,7.306860213552935,743.0,716.45,17-Sep-2026,EQ,WSTCSTPAPR
8.58,Xtranet Technologies Limited,311.0,330.0,2.8371139474902454,308.67,302.42,17-Sep-2026,EQ,XTRANET
61.6,Yatharth Hospital & Trauma Care Services Limited,1134.0,1184.0,5.7441253263707575,1083.8,1072.4,17-Sep-2026,EQ,YATHARTH
