symbol,series,open_price,high_price,low_price,ltp,prev_price,net_price,trade_quantity,turnover,market_type,ca_ex_dt,ca_purpose,perChange,category
ADANIPORTS,EQ,1748.0,1824.0,1744.0,1824.0,1738.3,4.93,4148803,74138.6947297,N,12-Jun-2026,Dividend - Rs 7.50 Per Share,4.93,GAINER
ADANIENT,EQ,2933.0,3020.0,2924.6,3020.0,2923.2,3.31,1628125,48687.775625,N,12-Jun-2026,Dividend - Rs 1.30 Per Share,3.31,GAINER
BHARTIARTL,EQ,1843.0,1893.3,1835.3,1893.3,1836.0,3.12,14189780,265929.24800200004,N,24-Jul-2026,Dividend - Rs 24 Per Share,3.12,GAINER
HDFCBANK,EQ,715.25,733.8,715.25,731.0,713.0,2.52,39400710,286837.1688,N,19-Jun-2026,Dividend - Rs 13 Per Share,2.52,GAINER
BAJFINANCE,EQ,1025.9,1040.3,1019.1,1040.3,1015.0,2.49,8201656,84514.7844176,N,30-Jun-2026,Dividend - Rs 6 Per Share,2.49,GAINER
POWERGRID,EQ,264.6,270.3,263.4,270.3,263.75,2.48,17896733,47746.6939707,N,13-Aug-2026,Dividend - Rs 1.25 Per Share,2.48,GAINER
ULTRACEMCO,EQ,10890.0,11060.0,10819.0,11014.0,10764.0,2.32,458848,50437.9945888,N,30-Jul-2026,Dividend - Rs 240 Per Share,2.32,GAINER
APOLLOHOSP,EQ,8800.0,8944.5,8798.0,8944.5,8768.5,2.01,344265,30500.8806315,N,14-Aug-2026,Dividend - Rs 10 Per Sh,2.01,GAINER
JSWSTEEL,EQ,1270.1,1278.7,1262.7,1275.6,1253.4,1.77,2378010,30259.939449,N,07-Jul-2026,Dividend - Rs 7.10 Per Share,1.77,GAINER
INDIGO,EQ,4925.0,4970.0,4881.0,4920.0,4845.0,1.55,732347,36121.7707851,N,13-Aug-2025,Dividend - Rs 10 Per Share,1.55,GAINER
SHRIRAMFIN,EQ,1004.9,1019.0,1000.5,1010.0,995.0,1.51,4870631,49261.0748709,N,03-Jul-2026,Dividend - Rs 6 Per Share,1.51,GAINER
ETERNAL,EQ,328.5,329.75,325.7,326.85,322.35,1.4,17696853,57983.7388545,N,-,-,1.4,GAINER
AXISBANK,EQ,1244.0,1257.0,1240.5,1257.0,1240.0,1.37,5693016,71134.8042216,N,10-Jul-2026,Dividend - Re 1 Per Share,1.37,GAINER
CIPLA,EQ,1371.7,1394.5,1371.7,1394.5,1376.3,1.32,1386584,19202.385840799998,N,05-Jun-2026,Dividend - Rs 13 Per Share,1.32,GAINER
LT,EQ,3846.0,3898.0,3846.0,3885.0,3836.2,1.27,1547690,60023.287425,N,22-May-2026,Dividend - Rs 38 Per Share,1.27,GAINER
TRENT,EQ,2789.3,2824.0,2776.1,2824.0,2789.0,1.25,925467,25951.6679739,N,12-Jun-2026,Dividend - Rs 4 Per Share,1.25,GAINER
MAXHEALTH,EQ,1037.0,1059.9,1034.9,1049.3,1037.0,1.19,2098416,22049.9454864,N,03-Jul-2026,Dividend - Rs 2 Per Share,1.19,GAINER
GRASIM,EQ,3175.0,3209.2,3174.5,3209.2,3173.1,1.14,682793,21812.436898699998,N,07-Aug-2026,Dividend - Rs 10 Per Share,1.14,GAINER
DRREDDY,EQ,1182.6,1207.5,1182.1,1185.0,1175.0,0.85,3002566,35792.9887728,N,10-Jul-2026,Dividend - Rs 8 Per Share,0.85,GAINER
SBIN,EQ,992.0,996.2,985.1,996.2,988.7,0.76,5699456,56532.3341184,N,15-May-2026,Dividend - Rs 17.35 Per Share,0.76,GAINER
TCS,EQ,2177.2,2177.3,2101.2,2105.0,2190.0,-3.88,6875428,145618.12732600002,N,15-Jul-2026,Interim Dividend - Rs 12 Per Share,-3.88,LOSER
TMPV,EQ,309.6,310.0,301.5,303.8,314.5,-3.4,18037112,54951.8654192,N,19-Jun-2026,Dividend - Rs 3 Per Share,-3.4,LOSER
SBILIFE,EQ,1751.3,1770.0,1731.0,1731.0,1766.9,-2.03,929365,16277.3632925,N,06-Mar-2026,Interim Dividend - Rs 2.70 Per Share,-2.03,LOSER
COALINDIA,EQ,418.0,419.95,409.65,409.9,418.0,-1.94,7700870,31718.343355999998,N,04-Sep-2026,Dividend - Rs 5.25 Per Share,-1.94,LOSER
MARUTI,EQ,12350.0,12458.0,12103.0,12103.0,12338.0,-1.9,659773,80534.0036536,N,07-Aug-2026,Dividend - Rs 140 Per Share,-1.9,LOSER
NTPC,EQ,329.8,330.85,323.65,323.65,329.6,-1.81,9448827,30861.7587474,N,02-Sep-2026,Dividend - Rs 3.50 Per Share,-1.81,LOSER
TATACONSUM,EQ,1016.2,1018.7,996.0,996.0,1013.7,-1.75,2076522,20831.0457474,N,25-May-2026,Dividend - Rs 10 Per Share,-1.75,LOSER
SUNPHARMA,EQ,1866.1,1877.2,1837.3,1837.3,1867.3,-1.61,2896860,53588.433768,N,07-Jul-2026,Dividend - Rs 5 Per Share,-1.61,LOSER
TECHM,EQ,1558.3,1561.2,1523.1,1537.1,1561.0,-1.53,3113722,47841.715785600005,N,03-Jul-2026,Dividend - Rs 36 Per Share,-1.53,LOSER
ITC,EQ,266.6,266.6,262.3,262.3,266.2,-1.47,14399150,38055.513535,N,27-May-2026,Dividend - Rs 8 Per Share,-1.47,LOSER
RELIANCE,EQ,1245.0,1247.3,1226.4,1226.4,1243.9,-1.41,15122715,186727.7234625,N,05-Jun-2026,Dividend - Rs 6 Per Share,-1.41,LOSER
HDFCLIFE,EQ,557.1,564.95,550.95,550.95,557.0,-1.09,5599030,31266.663229,N,19-Jun-2026,Dividend - Rs 2.10 Per Share,-1.09,LOSER
KOTAKBANK,EQ,415.5,419.2,412.5,412.5,416.5,-0.96,15461137,64327.6066022,N,17-Jul-2026,Dividend - Rs 0.65 Per Share,-0.96,LOSER
TATASTEEL,EQ,186.4,187.96,185.54,185.54,187.29,-0.93,29014128,54064.9261152,N,12-Jun-2026,Dividend - Rs 4 Per Share,-0.93,LOSER
TITAN,EQ,4851.0,4864.5,4772.0,4798.5,4841.0,-0.88,1066023,51260.0357619,N,09-Jul-2026,Dividend - Rs 15 Per Share,-0.88,LOSER
M&M,EQ,3082.0,3098.2,3052.0,3052.0,3076.5,-0.8,2973119,91206.0742511,N,03-Jul-2026,Dividend - Rs 33 Per Share,-0.8,LOSER
BAJAJ-AUTO,EQ,11501.0,11540.0,11406.0,11414.0,11500.0,-0.75,296757,33970.6343853,N,24-Jun-2026,Buy Back,-0.75,LOSER
HCLTECH,EQ,1258.3,1260.8,1235.6,1249.3,1258.3,-0.72,2886447,35937.7083735,N,17-Jul-2026,Interim Dividend - Rs 12 Per Share,-0.72,LOSER
INFY,EQ,1061.9,1061.9,1038.0,1051.4,1058.6,-0.68,22124953,231854.01997290002,N,10-Jun-2026,Dividend - Rs 25 Per Share,-0.68,LOSER
ICICIBANK,EQ,1351.9,1359.8,1338.9,1338.9,1347.6,-0.65,7509409,100855.86851540001,N,03-Aug-2026,Dividend - Rs 12 Per Share,-0.65,LOSER
